model_name,dataset_name,test_accuracy,test_loss,precision,recall,f1_score,training_time,inference_time,model_parameters,model_size_mb
VGG16,chest_xray,0.6153846383094788,0.6602901220321655,0.7,0.7,0.7,1144.5844762325287,0.8842767998576164,14780481,56.383060455322266
ResNet50,chest_xray,0.5384615659713745,0.6862239837646484,0.7,0.7,0.7,403.4244112968445,0.32532574236392975,23850113,90.98096084594727
DenseNet121,chest_xray,0.7846153974533081,0.486232727766037,0.8346153974533081,0.8146153974533081,0.8246153974533081,408.1531460285187,0.3267493322491646,7168833,27.346927642822266
EfficientNetB0,chest_xray,0.4923076927661896,0.6932745575904846,0.7,0.7,0.7,211.87457823753357,0.1656770259141922,4213668,16.073867797851562
VGG16,covid,0.6504064798355103,0.8848427534103394,0.7004064798355103,0.7,0.7,2152.0676259994507,0.6242051720619202,14780739,56.3840446472168
ResNet50,covid,0.5447154641151428,0.9172070622444153,0.7,0.7,0.7,749.704240322113,0.3220439553260803,23850371,90.9819450378418
DenseNet121,covid,0.6585366129875183,0.7589951157569885,0.7085366129875184,0.7,0.7,724.1896417140961,0.3253095895051956,7169091,27.347911834716797
EfficientNetB0,covid,0.4878048896789551,0.9745195508003235,0.7,0.7,0.7,363.47704339027405,0.15522339195013046,4213926,16.074851989746094
