{
  "chest_xray": {
    "VGG16": {
      "accuracy": [
        0.5066224932670593,
        0.5132450461387634,
        0.5066224932670593,
        0.6258277893066406,
        0.6158940196037292
      ],
      "loss": [
        0.8052517771720886,
        0.7351596355438232,
        0.6983960866928101,
        0.6704071760177612,
        0.6742030382156372
      ],
      "val_accuracy": [
        0.5076923370361328,
        0.5076923370361328,
        0.692307710647583,
        0.7076923251152039,
        0.5384615659713745
      ],
      "val_loss": [
        0.7299009561538696,
        0.6884621977806091,
        0.6744019985198975,
        0.6687184572219849,
        0.6628596186637878
      ]
    },
    "ResNet50": {
      "accuracy": [
        0.5430463552474976,
        0.5298013091087341,
        0.5132450461387634,
        0.5364238619804382,
        0.5761589407920837
      ],
      "loss": [
        0.6985284686088562,
        0.6925451159477234,
        0.6980845928192139,
        0.6964914202690125,
        0.6873754262924194
      ],
      "val_accuracy": [
        0.4923076927661896,
        0.6307692527770996,
        0.5384615659713745,
        0.6769230961799622,
        0.5076923370361328
      ],
      "val_loss": [
        0.6897653937339783,
        0.6875476837158203,
        0.6863002777099609,
        0.6848510503768921,
        0.6836138963699341
      ]
    },
    "DenseNet121": {
      "accuracy": [
        0.5165562629699707,
        0.6721854209899902,
        0.6821191906929016,
        0.7019867300987244,
        0.7980132699012756
      ],
      "loss": [
        0.7238472104072571,
        0.6151650547981262,
        0.5917709469795227,
        0.5652413368225098,
        0.511806070804596
      ],
      "val_accuracy": [
        0.5076923370361328,
        0.5846154093742371,
        0.692307710647583,
        0.800000011920929,
        0.800000011920929
      ],
      "val_loss": [
        0.707955539226532,
        0.6266971230506897,
        0.5556078553199768,
        0.5010294914245605,
        0.4832198917865753
      ]
    },
    "EfficientNetB0": {
      "accuracy": [
        0.5165562629699707,
        0.4834437072277069,
        0.430463582277298,
        0.4834437072277069,
        0.49668875336647034
      ],
      "loss": [
        0.7094718217849731,
        0.6933016180992126,
        0.7024823427200317,
        0.6976196765899658,
        0.6951853036880493
      ],
      "val_accuracy": [
        0.4923076927661896,
        0.4923076927661896,
        0.5076923370361328,
        0.5076923370361328,
        0.4923076927661896
      ],
      "val_loss": [
        0.6963997483253479,
        0.6947276592254639,
        0.6931124329566956,
        0.6930596828460693,
        0.6936972737312317
      ]
    }
  },
  "covid": {
    "VGG16": {
      "accuracy": [
        0.4378283619880676,
        0.5253940224647522,
        0.5884413123130798,
        0.6199649572372437,
        0.6427320241928101
      ],
      "loss": [
        1.0322188138961792,
        0.9540080428123474,
        0.9282655119895935,
        0.9006844758987427,
        0.895788848400116
      ],
      "val_accuracy": [
        0.46721312403678894,
        0.5983606576919556,
        0.6639344096183777,
        0.6639344096183777,
        0.6557376980781555
      ],
      "val_loss": [
        0.984203577041626,
        0.9352645874023438,
        0.903956949710846,
        0.8800217509269714,
        0.8619437217712402
      ]
    },
    "ResNet50": {
      "accuracy": [
        0.3817863464355469,
        0.47110334038734436,
        0.5166375041007996,
        0.5148861408233643,
        0.5131348371505737
      ],
      "loss": [
        1.3182779550552368,
        1.0238415002822876,
        0.9734134674072266,
        0.968917191028595,
        0.9640548825263977
      ],
      "val_accuracy": [
        0.631147563457489,
        0.6147540807723999,
        0.6147540807723999,
        0.6147540807723999,
        0.6147540807723999
      ],
      "val_loss": [
        0.9514795541763306,
        0.9183380603790283,
        0.8997660875320435,
        0.8965661525726318,
        0.8921157121658325
      ]
    },
    "DenseNet121": {
      "accuracy": [
        0.4956217110157013,
        0.5971978902816772,
        0.6462346911430359,
        0.6567425727844238,
        0.6742556691169739
      ],
      "loss": [
        1.0856126546859741,
        0.9106519222259521,
        0.8765659928321838,
        0.8419269323348999,
        0.7885867953300476
      ],
      "val_accuracy": [
        0.5163934230804443,
        0.7049180269241333,
        0.688524603843689,
        0.7049180269241333,
        0.7049180269241333
      ],
      "val_loss": [
        0.9361812472343445,
        0.8011898398399353,
        0.7717535495758057,
        0.7394902110099792,
        0.7159383893013
      ]
    },
    "EfficientNetB0": {
      "accuracy": [
        0.451838880777359,
        0.45534151792526245,
        0.49211910367012024,
        0.4658493995666504,
        0.45534151792526245
      ],
      "loss": [
        1.0246535539627075,
        0.9907438158988953,
        0.9834728240966797,
        0.9910864233970642,
        0.9876092076301575
      ],
      "val_accuracy": [
        0.49180328845977783,
        0.49180328845977783,
        0.49180328845977783,
        0.49180328845977783,
        0.49180328845977783
      ],
      "val_loss": [
        0.9765084981918335,
        0.975426435470581,
        0.9754762649536133,
        0.9744617342948914,
        0.9745911359786987
      ]
    }
  }
}